{
  "length_bb": 141,
  "length_kc": 150,
  "mult_bb": 1.5258338942052174,
  "mult_kc": 3.726920435471052,
  "use_true_range": true
}
